/*
SQLyog Community v13.1.5  (64 bit)
MySQL - 10.4.32-MariaDB : Database - learnplay_db
*********************************************************************
*/

/*!40101 SET NAMES utf8 */;

/*!40101 SET SQL_MODE=''*/;

/*!40014 SET @OLD_UNIQUE_CHECKS=@@UNIQUE_CHECKS, UNIQUE_CHECKS=0 */;
/*!40014 SET @OLD_FOREIGN_KEY_CHECKS=@@FOREIGN_KEY_CHECKS, FOREIGN_KEY_CHECKS=0 */;
/*!40101 SET @OLD_SQL_MODE=@@SQL_MODE, SQL_MODE='NO_AUTO_VALUE_ON_ZERO' */;
/*!40111 SET @OLD_SQL_NOTES=@@SQL_NOTES, SQL_NOTES=0 */;
CREATE DATABASE /*!32312 IF NOT EXISTS*/`learnplay_db` /*!40100 DEFAULT CHARACTER SET utf8mb4 COLLATE utf8mb4_general_ci */;

USE `learnplay_db`;

/*Table structure for table `tblcategories` */

CREATE TABLE `tblcategories` (
  `category_id` int(11) NOT NULL AUTO_INCREMENT,
  `subject_id` int(11) DEFAULT NULL,
  `NAME` varchar(255) NOT NULL,
  PRIMARY KEY (`category_id`),
  KEY `subject_id` (`subject_id`),
  CONSTRAINT `tblcategories_ibfk_1` FOREIGN KEY (`subject_id`) REFERENCES `tblsubjects` (`subject_id`)
) ENGINE=InnoDB AUTO_INCREMENT=17 DEFAULT CHARSET=utf8mb4 COLLATE=utf8mb4_general_ci;

/*Data for the table `tblcategories` */

LOCK TABLES `tblcategories` WRITE;

insert  into `tblcategories`(`category_id`,`subject_id`,`NAME`) values 
(1,1,'Addition'),
(2,1,'Subtraction'),
(3,1,'Multiplication'),
(4,1,'Division'),
(5,2,'Experiments'),
(6,2,'Astronomy'),
(7,2,'Biology'),
(8,2,'Geography'),
(9,3,'Reading'),
(10,3,'Writing'),
(11,3,'Letters'),
(12,3,'Numbers'),
(13,4,'History'),
(14,4,'Heroes'),
(15,4,'Presidents'),
(16,4,'Grammar');

UNLOCK TABLES;

/*Table structure for table `tbloptions` */

CREATE TABLE `tbloptions` (
  `option_id` int(11) NOT NULL AUTO_INCREMENT,
  `question_id` int(11) DEFAULT NULL,
  `option_text` varchar(255) NOT NULL,
  PRIMARY KEY (`option_id`),
  KEY `question_id` (`question_id`),
  CONSTRAINT `tbloptions_ibfk_1` FOREIGN KEY (`question_id`) REFERENCES `tblquestions` (`question_id`)
) ENGINE=InnoDB AUTO_INCREMENT=641 DEFAULT CHARSET=utf8mb4 COLLATE=utf8mb4_general_ci;

/*Data for the table `tbloptions` */

LOCK TABLES `tbloptions` WRITE;

insert  into `tbloptions`(`option_id`,`question_id`,`option_text`) values 
(1,1,'10'),
(2,1,'9'),
(3,1,'11'),
(4,1,'8'),
(5,2,'17'),
(6,2,'18'),
(7,2,'16'),
(8,2,'15'),
(9,3,'14'),
(10,3,'13'),
(11,3,'15'),
(12,3,'12'),
(13,4,'21'),
(14,4,'20'),
(15,4,'22'),
(16,4,'19'),
(17,5,'18'),
(18,5,'17'),
(19,5,'19'),
(20,5,'20'),
(21,6,'19'),
(22,6,'20'),
(23,6,'18'),
(24,6,'17'),
(25,7,'12'),
(26,7,'11'),
(27,7,'13'),
(28,7,'14'),
(29,8,'13'),
(30,8,'12'),
(31,8,'14'),
(32,8,'15'),
(33,9,'18'),
(34,9,'19'),
(35,9,'17'),
(36,9,'16'),
(37,10,'20'),
(38,10,'19'),
(39,10,'21'),
(40,10,'22'),
(41,11,'6'),
(42,11,'5'),
(43,11,'7'),
(44,11,'4'),
(45,12,'9'),
(46,12,'8'),
(47,12,'10'),
(48,12,'7'),
(49,13,'15'),
(50,13,'16'),
(51,13,'14'),
(52,13,'13'),
(53,14,'8'),
(54,14,'9'),
(55,14,'7'),
(56,14,'6'),
(57,15,'7'),
(58,15,'6'),
(59,15,'8'),
(60,15,'9'),
(61,16,'7'),
(62,16,'8'),
(63,16,'6'),
(64,16,'5'),
(65,17,'7'),
(66,17,'6'),
(67,17,'8'),
(68,17,'9'),
(69,18,'6'),
(70,18,'5'),
(71,18,'7'),
(72,18,'8'),
(73,19,'0'),
(74,19,'1'),
(75,19,'2'),
(76,19,'3'),
(77,20,'7'),
(78,20,'6'),
(79,20,'8'),
(80,20,'5'),
(81,21,'12'),
(82,21,'11'),
(83,21,'13'),
(84,21,'10'),
(85,22,'42'),
(86,22,'41'),
(87,22,'43'),
(88,22,'44'),
(89,23,'45'),
(90,23,'44'),
(91,23,'46'),
(92,23,'43'),
(93,24,'64'),
(94,24,'63'),
(95,24,'65'),
(96,24,'66'),
(97,25,'44'),
(98,25,'43'),
(99,25,'45'),
(100,25,'46'),
(101,26,'42'),
(102,26,'41'),
(103,26,'43'),
(104,26,'44'),
(105,27,'20'),
(106,27,'19'),
(107,27,'21'),
(108,27,'22'),
(109,28,'15'),
(110,28,'14'),
(111,28,'16'),
(112,28,'13'),
(113,29,'121'),
(114,29,'120'),
(115,29,'122'),
(116,29,'123'),
(117,30,'90'),
(118,30,'89'),
(119,30,'91'),
(120,30,'92'),
(121,31,'3'),
(122,31,'4'),
(123,31,'2'),
(124,31,'5'),
(125,32,'3'),
(126,32,'2'),
(127,32,'4'),
(128,32,'5'),
(129,33,'4'),
(130,33,'3'),
(131,33,'5'),
(132,33,'6'),
(133,34,'5'),
(134,34,'6'),
(135,34,'4'),
(136,34,'7'),
(137,35,'6'),
(138,35,'5'),
(139,35,'7'),
(140,35,'4'),
(141,36,'8'),
(142,36,'7'),
(143,36,'9'),
(144,36,'6'),
(145,37,'10'),
(146,37,'9'),
(147,37,'11'),
(148,37,'12'),
(149,38,'7'),
(150,38,'6'),
(151,38,'8'),
(152,38,'9'),
(153,39,'9'),
(154,39,'8'),
(155,39,'10'),
(156,39,'7'),
(157,40,'6'),
(158,40,'5'),
(159,40,'7'),
(160,40,'4'),
(161,41,'Thermometer'),
(162,41,'Ruler'),
(163,41,'Scale'),
(164,41,'Clock'),
(165,42,'Sunlight'),
(166,42,'Rocks'),
(167,42,'Plastic'),
(168,42,'Soap'),
(169,43,'Photosynthesis'),
(170,43,'Respiration'),
(171,43,'Digestion'),
(172,43,'Transpiration'),
(173,44,'Gravity'),
(174,44,'Friction'),
(175,44,'Inertia'),
(176,44,'Magnetism'),
(177,45,'Atom'),
(178,45,'Molecule'),
(179,45,'Cell'),
(180,45,'Proton'),
(181,46,'H2O'),
(182,46,'CO2'),
(183,46,'NaCl'),
(184,46,'O2'),
(185,47,'Chemical Energy'),
(186,47,'Kinetic Energy'),
(187,47,'Potential Energy'),
(188,47,'Solar Energy'),
(189,48,'Evaporation'),
(190,48,'Condensation'),
(191,48,'Freezing'),
(192,48,'Melting'),
(193,49,'Condensation'),
(194,49,'Evaporation'),
(195,49,'Freezing'),
(196,49,'Melting'),
(197,50,'Sublimation'),
(198,50,'Melting'),
(199,50,'Freezing'),
(200,50,'Condensation'),
(201,51,'Mars'),
(202,51,'Earth'),
(203,51,'Venus'),
(204,51,'Jupiter'),
(205,52,'Milky Way'),
(206,52,'Andromeda'),
(207,52,'Whirlpool'),
(208,52,'Triangulum'),
(209,53,'Jupiter'),
(210,53,'Saturn'),
(211,53,'Neptune'),
(212,53,'Uranus'),
(213,54,'Moon'),
(214,54,'Star'),
(215,54,'Comet'),
(216,54,'Asteroid'),
(217,55,'Sun'),
(218,55,'Sirius'),
(219,55,'Proxima Centauri'),
(220,55,'Betelgeuse'),
(221,56,'Meteors'),
(222,56,'Comets'),
(223,56,'Asteroids'),
(224,56,'Satellites'),
(225,57,'Constellation'),
(226,57,'Galaxy'),
(227,57,'Nebula'),
(228,57,'Cluster'),
(229,58,'Gravity'),
(230,58,'Magnetism'),
(231,58,'Electricity'),
(232,58,'Friction'),
(233,59,'Nebula'),
(234,59,'Comet'),
(235,59,'Asteroid'),
(236,59,'Planet'),
(237,60,'Pluto'),
(238,60,'Eris'),
(239,60,'Makemake'),
(240,60,'Haumea'),
(241,61,'Heart'),
(242,61,'Lungs'),
(243,61,'Stomach'),
(244,61,'Brain'),
(245,62,'Cell'),
(246,62,'Tissue'),
(247,62,'Organ'),
(248,62,'Organism'),
(249,63,'Photosynthesis'),
(250,63,'Respiration'),
(251,63,'Digestion'),
(252,63,'Fermentation'),
(253,64,'Chlorophyll'),
(254,64,'Carotene'),
(255,64,'Xanthophyll'),
(256,64,'Anthocyanin'),
(257,65,'Skin'),
(258,65,'Liver'),
(259,65,'Brain'),
(260,65,'Heart'),
(261,66,'Reproduction'),
(262,66,'Growth'),
(263,66,'Development'),
(264,66,'Metabolism'),
(265,67,'Digestion'),
(266,67,'Absorption'),
(267,67,'Assimilation'),
(268,67,'Excretion'),
(269,68,'DNA'),
(270,68,'RNA'),
(271,68,'Protein'),
(272,68,'Carbohydrate'),
(273,69,'Homeostasis'),
(274,69,'Adaptation'),
(275,69,'Evolution'),
(276,69,'Mutation'),
(277,70,'Biology'),
(278,70,'Chemistry'),
(279,70,'Physics'),
(280,70,'Geology'),
(281,71,'Pacific Ocean'),
(282,71,'Atlantic Ocean'),
(283,71,'Indian Ocean'),
(284,71,'Arctic Ocean'),
(285,72,'Mount Everest'),
(286,72,'K2'),
(287,72,'Kangchenjunga'),
(288,72,'Lhotse'),
(289,73,'Amazon River'),
(290,73,'Nile River'),
(291,73,'Yangtze River'),
(292,73,'Mississippi River'),
(293,74,'Antarctica'),
(294,74,'Sahara Desert'),
(295,74,'Arabian Desert'),
(296,74,'Gobi Desert'),
(297,75,'Moon'),
(298,75,'Sun'),
(299,75,'Star'),
(300,75,'Planet'),
(301,76,'Asia'),
(302,76,'Africa'),
(303,76,'North America'),
(304,76,'South America'),
(305,77,'Crust'),
(306,77,'Mantle'),
(307,77,'Core'),
(308,77,'Lithosphere'),
(309,78,'Erosion'),
(310,78,'Weathering'),
(311,78,'Deposition'),
(312,78,'Sedimentation'),
(313,79,'Sea'),
(314,79,'Lake'),
(315,79,'River'),
(316,79,'Ocean'),
(317,80,'Geography'),
(318,80,'Geology'),
(319,80,'Astronomy'),
(320,80,'Meteorology'),
(321,81,'Cold'),
(322,81,'Warm'),
(323,81,'Boil'),
(324,81,'Heat'),
(325,82,'Joyful'),
(326,82,'Sad'),
(327,82,'Angry'),
(328,82,'Tired'),
(329,83,'Small'),
(330,83,'Large'),
(331,83,'Huge'),
(332,83,'Giant'),
(333,84,'Fast'),
(334,84,'Slow'),
(335,84,'Rapid'),
(336,84,'Swift'),
(337,85,'Down'),
(338,85,'Above'),
(339,85,'Over'),
(340,85,'High'),
(341,86,'Gorgeous'),
(342,86,'Ugly'),
(343,86,'Plain'),
(344,86,'Homely'),
(345,87,'Heavy'),
(346,87,'Bright'),
(347,87,'Dark'),
(348,87,'Weightless'),
(349,88,'Depressed'),
(350,88,'Happy'),
(351,88,'Cheerful'),
(352,88,'Merry'),
(353,89,'End'),
(354,89,'Begin'),
(355,89,'Finish'),
(356,89,'Conclude'),
(357,90,'Furious'),
(358,90,'Calm'),
(359,90,'Peaceful'),
(360,90,'Serene'),
(361,91,'Pencil'),
(362,91,'Spoon'),
(363,91,'Ruler'),
(364,91,'Eraser'),
(365,92,'Paragraph'),
(366,92,'Sentence'),
(367,92,'Word'),
(368,92,'Letter'),
(369,93,'Period'),
(370,93,'Comma'),
(371,93,'Question Mark'),
(372,93,'Exclamation Point'),
(373,94,'Narrative'),
(374,94,'Poem'),
(375,94,'Play'),
(376,94,'Essay'),
(377,95,'Adjective'),
(378,95,'Verb'),
(379,95,'Adverb'),
(380,95,'Noun'),
(381,96,'Verb'),
(382,96,'Noun'),
(383,96,'Pronoun'),
(384,96,'Adjective'),
(385,97,'Adverb'),
(386,97,'Adjective'),
(387,97,'Noun'),
(388,97,'Pronoun'),
(389,98,'Clause'),
(390,98,'Phrase'),
(391,98,'Sentence'),
(392,98,'Paragraph'),
(393,99,'Editing'),
(394,99,'Proofreading'),
(395,99,'Revising'),
(396,99,'Writing'),
(397,100,'Fable'),
(398,100,'Myth'),
(399,100,'Legend'),
(400,100,'Tale'),
(401,101,'A'),
(402,101,'B'),
(403,101,'C'),
(404,101,'D'),
(405,102,'H'),
(406,102,'F'),
(407,102,'I'),
(408,102,'J'),
(409,103,'A'),
(410,103,'Z'),
(411,103,'B'),
(412,103,'C'),
(413,104,'B'),
(414,104,'A'),
(415,104,'E'),
(416,104,'I'),
(417,105,'X'),
(418,105,'Y'),
(419,105,'Z'),
(420,105,'W'),
(421,106,'C'),
(422,106,'D'),
(423,106,'E'),
(424,106,'F'),
(425,107,'E'),
(426,107,'F'),
(427,107,'G'),
(428,107,'H'),
(429,108,'L'),
(430,108,'K'),
(431,108,'N'),
(432,108,'O'),
(433,109,'Z'),
(434,109,'Y'),
(435,109,'X'),
(436,109,'W'),
(437,110,'T'),
(438,110,'U'),
(439,110,'V'),
(440,110,'W'),
(441,111,'5'),
(442,111,'3'),
(443,111,'2'),
(444,111,'6'),
(445,112,'4'),
(446,112,'3'),
(447,112,'5'),
(448,112,'6'),
(449,113,'5'),
(450,113,'6'),
(451,113,'4'),
(452,113,'3'),
(453,114,'5'),
(454,114,'10'),
(455,114,'2'),
(456,114,'20'),
(457,115,'9'),
(458,115,'6'),
(459,115,'12'),
(460,115,'3'),
(461,116,'3'),
(462,116,'4'),
(463,116,'6'),
(464,116,'12'),
(465,117,'10'),
(466,117,'9'),
(467,117,'11'),
(468,117,'12'),
(469,118,'10'),
(470,118,'11'),
(471,118,'9'),
(472,118,'20'),
(473,119,'30'),
(474,119,'10'),
(475,119,'20'),
(476,119,'40'),
(477,120,'4'),
(478,120,'2'),
(479,120,'8'),
(480,120,'16'),
(481,121,'June 12, 1898'),
(482,121,'July 4, 1946'),
(483,121,'August 21, 1983'),
(484,121,'November 30, 1896'),
(485,122,'La Liga Filipina'),
(486,122,'Katipunan'),
(487,122,'Propaganda Movement'),
(488,122,'New Society Movement'),
(489,123,'Cavite'),
(490,123,'Bulacan'),
(491,123,'Laguna'),
(492,123,'Manila'),
(493,124,'1521'),
(494,124,'1565'),
(495,124,'1898'),
(496,124,'1942'),
(497,125,'Revolutionary Government'),
(498,125,'Commonwealth'),
(499,125,'Republic'),
(500,125,'Kingdom'),
(501,126,'Diego Silang'),
(502,126,'Manuel Quezon'),
(503,126,'Carlos Garcia'),
(504,126,'Rafael Palma'),
(505,127,'Spain'),
(506,127,'America'),
(507,127,'Japan'),
(508,127,'China'),
(509,128,'Japan'),
(510,128,'Spain'),
(511,128,'America'),
(512,128,'Germany'),
(513,129,'Katipunan'),
(514,129,'Kabataan'),
(515,129,'Kalayaan'),
(516,129,'Kalibapi'),
(517,130,'Cebu'),
(518,130,'Luzon'),
(519,130,'Mindanao'),
(520,130,'Palawan'),
(521,131,'Andres Bonifacio'),
(522,131,'Jose Rizal'),
(523,131,'Emilio Aguinaldo'),
(524,131,'Apolinario Mabini'),
(525,132,'Apolinario Mabini'),
(526,132,'Andres Bonifacio'),
(527,132,'Gregorio del Pilar'),
(528,132,'Jose Rizal'),
(529,133,'Jose Rizal'),
(530,133,'Andres Bonifacio'),
(531,133,'Emilio Jacinto'),
(532,133,'Antonio Luna'),
(533,134,'Jose Abad Santos'),
(534,134,'Gregorio del Pilar'),
(535,134,'Emilio Aguinaldo'),
(536,134,'Miguel Malvar'),
(537,135,'Jose Rizal'),
(538,135,'Andres Bonifacio'),
(539,135,'Emilio Aguinaldo'),
(540,135,'Manuel Quezon'),
(541,136,'Jose Rizal'),
(542,136,'Manuel Quezon'),
(543,136,'Andres Bonifacio'),
(544,136,'Lapu-Lapu'),
(545,137,'Lapu-Lapu'),
(546,137,'Rajah Sulayman'),
(547,137,'Diego Silang'),
(548,137,'Carlos Garcia'),
(549,138,'Melchora Aquino'),
(550,138,'Gabriela Silang'),
(551,138,'Josefa Llanes Escoda'),
(552,138,'Maria Clara'),
(553,139,'Melchora Aquino'),
(554,139,'Gabriela Silang'),
(555,139,'Leona Florentino'),
(556,139,'Corazon Aquino'),
(557,140,'Marcela Agoncillo'),
(558,140,'Jose Rizal'),
(559,140,'Emilio Aguinaldo'),
(560,140,'Gabriela Silang'),
(561,141,'Manuel Quezon'),
(562,141,'Emilio Aguinaldo'),
(563,141,'Jose Laurel'),
(564,141,'Fidel Ramos'),
(565,142,'Manuel Quezon'),
(566,142,'Ramon Magsaysay'),
(567,142,'Carlos Garcia'),
(568,142,'Diosdado Macapagal'),
(569,143,'Ferdinand Marcos'),
(570,143,'Corazon Aquino'),
(571,143,'Gloria Arroyo'),
(572,143,'Joseph Estrada'),
(573,144,'Gloria Arroyo'),
(574,144,'Imelda Marcos'),
(575,144,'Cory Aquino'),
(576,144,'Miriam Santiago'),
(577,145,'Joseph Estrada'),
(578,145,'Fidel Ramos'),
(579,145,'Corazon Aquino'),
(580,145,'Ninoy Aquino'),
(581,146,'Rodrigo Duterte'),
(582,146,'Benigno Aquino III'),
(583,146,'Joseph Estrada'),
(584,146,'Fidel Ramos'),
(585,147,'Ferdinand Marcos'),
(586,147,'Corazon Aquino'),
(587,147,'Gloria Arroyo'),
(588,147,'Manuel Roxas'),
(589,148,'Ramon Magsaysay'),
(590,148,'Carlos Garcia'),
(591,148,'Elpidio Quirino'),
(592,148,'Diosdado Macapagal'),
(593,149,'Manuel Quezon'),
(594,149,'Jose Laurel'),
(595,149,'Fidel Ramos'),
(596,149,'Gloria Arroyo'),
(597,150,'Rodrigo Duterte'),
(598,150,'Bongbong Marcos'),
(599,150,'Leni Robredo'),
(600,150,'Manny Pacquiao'),
(601,151,'An action word'),
(602,151,'A name of a person, place, or thing'),
(603,151,'A describing word'),
(604,151,'A sound'),
(605,152,'Takbo'),
(606,152,'Mesa'),
(607,152,'Aso'),
(608,152,'Ganda'),
(609,153,'Maganda'),
(610,153,'Kumain'),
(611,153,'Lamesa'),
(612,153,'Bata'),
(613,154,'Batang'),
(614,154,'Batain'),
(615,154,'Mga bata'),
(616,154,'Batas'),
(617,155,'Ako ay masaya.'),
(618,155,'Masaya ako ay.'),
(619,155,'Ay ako masaya.'),
(620,155,'Masaya ay ako.'),
(621,156,'Ako'),
(622,156,'Takbo'),
(623,156,'Ganda'),
(624,156,'Mesa'),
(625,157,'Matangkad'),
(626,157,'Maliit'),
(627,157,'Masaya'),
(628,157,'Maingay'),
(629,158,'Magnda'),
(630,158,'Maganda'),
(631,158,'Magadah'),
(632,158,'Magganda'),
(633,159,'.'),
(634,159,'!'),
(635,159,','),
(636,159,'?'),
(637,160,'Ang aso.'),
(638,160,'Tumakbo ang aso.'),
(639,160,'Tumakbo.'),
(640,160,'Aso tumakbo.');

UNLOCK TABLES;

/*Table structure for table `tblquestions` */

CREATE TABLE `tblquestions` (
  `question_id` int(11) NOT NULL AUTO_INCREMENT,
  `category_id` int(11) DEFAULT NULL,
  `question` text NOT NULL,
  `correct_answer` varchar(255) NOT NULL,
  PRIMARY KEY (`question_id`),
  KEY `category_id` (`category_id`),
  CONSTRAINT `tblquestions_ibfk_1` FOREIGN KEY (`category_id`) REFERENCES `tblcategories` (`category_id`)
) ENGINE=InnoDB AUTO_INCREMENT=161 DEFAULT CHARSET=utf8mb4 COLLATE=utf8mb4_general_ci;

/*Data for the table `tblquestions` */

LOCK TABLES `tblquestions` WRITE;

insert  into `tblquestions`(`question_id`,`category_id`,`question`,`correct_answer`) values 
(1,1,'What is 3 + 7?','10'),
(2,1,'What is 12 + 5?','17'),
(3,1,'What is 0 + 14?','14'),
(4,1,'What is 20 + 1?','21'),
(5,1,'What is 9 + 9?','18'),
(6,1,'What is 15 + 4?','19'),
(7,1,'What is 6 + 6?','12'),
(8,1,'What is 2 + 11?','13'),
(9,1,'What is 8 + 10?','18'),
(10,1,'What is 17 + 3?','20'),
(11,2,'What is 10 - 4?','6'),
(12,2,'What is 18 - 9?','9'),
(13,2,'What is 20 - 5?','15'),
(14,2,'What is 15 - 7?','8'),
(15,2,'What is 13 - 6?','7'),
(16,2,'What is 19 - 12?','7'),
(17,2,'What is 17 - 10?','7'),
(18,2,'What is 14 - 8?','6'),
(19,2,'What is 9 - 9?','0'),
(20,2,'What is 11 - 4?','7'),
(21,3,'What is 3 x 4?','12'),
(22,3,'What is 7 x 6?','42'),
(23,3,'What is 9 x 5?','45'),
(24,3,'What is 8 x 8?','64'),
(25,3,'What is 4 x 11?','44'),
(26,3,'What is 6 x 7?','42'),
(27,3,'What is 2 x 10?','20'),
(28,3,'What is 5 x 3?','15'),
(29,3,'What is 11 x 11?','121'),
(30,3,'What is 10 x 9?','90'),
(31,4,'What is 12 ÷ 4?','3'),
(32,4,'What is 18 ÷ 6?','3'),
(33,4,'What is 20 ÷ 5?','4'),
(34,4,'What is 45 ÷ 9?','5'),
(35,4,'What is 36 ÷ 6?','6'),
(36,4,'What is 64 ÷ 8?','8'),
(37,4,'What is 100 ÷ 10?','10'),
(38,4,'What is 49 ÷ 7?','7'),
(39,4,'What is 81 ÷ 9?','9'),
(40,4,'What is 30 ÷ 5?','6'),
(41,5,'What tool do you use to measure temperature?','Thermometer'),
(42,5,'What do plants need to grow?','Sunlight'),
(43,5,'What is the process by which plants make their own food?','Photosynthesis'),
(44,5,'What is the force that pulls objects towards the Earth?','Gravity'),
(45,5,'What is the smallest unit of matter?','Atom'),
(46,5,'What is the chemical symbol for water?','H2O'),
(47,5,'What type of energy is stored in food?','Chemical Energy'),
(48,5,'What is the name of the process where water changes from a liquid to a gas?','Evaporation'),
(49,5,'What is the name of the process where water changes from a gas to a liquid?','Condensation'),
(50,5,'What is the name of the process where a solid changes directly to a gas?','Sublimation'),
(51,6,'Which planet is known as the Red Planet?','Mars'),
(52,6,'What is the name of our galaxy?','Milky Way'),
(53,6,'What is the largest planet in our solar system?','Jupiter'),
(54,6,'What is a celestial body that orbits a planet?','Moon'),
(55,6,'What is the name of the star at the center of our solar system?','Sun'),
(56,6,'What are shooting stars?','Meteors'),
(57,6,'What is a group of stars that form a pattern?','Constellation'),
(58,6,'What is the name of the force that causes the tides?','Gravity'),
(59,6,'What is a large cloud of gas and dust in space?','Nebula'),
(60,6,'What is the name of the dwarf planet known for its unusual orbit?','Pluto'),
(61,7,'What part of the body pumps blood?','Heart'),
(62,7,'What is the basic unit of life?','Cell'),
(63,7,'What process do plants use to convert sunlight into energy?','Photosynthesis'),
(64,7,'What is the green pigment in plants that captures sunlight?','Chlorophyll'),
(65,7,'What is the largest organ in the human body?','Skin'),
(66,7,'What is the process by which organisms produce offspring?','Reproduction'),
(67,7,'What is the process of breaking down food into smaller molecules?','Digestion'),
(68,7,'What is the name for the genetic material in cells?','DNA'),
(69,7,'What is the process by which organisms maintain a stable internal environment?','Homeostasis'),
(70,7,'What is the study of living things?','Biology'),
(71,8,'What is the largest ocean?','Pacific Ocean'),
(72,8,'What is the highest mountain in the world?','Mount Everest'),
(73,8,'What is the longest river in the world?','Amazon River'),
(74,8,'What is the largest desert in the world?','Antarctica'),
(75,8,'What is the name of Earth\'s only natural satellite?','Moon'),
(76,8,'What is the name of the largest continent?','Asia'),
(77,8,'What is the name of the Earth\'s layer that contains the continents and ocean basins?','Crust'),
(78,8,'What is the process of wearing away the Earth\'s surface by natural forces?','Erosion'),
(79,8,'What is a large body of salt water surrounded by land?','Sea'),
(80,8,'What is the study of the Earth\'s physical features?','Geography'),
(81,9,'What is the opposite of \'hot\'?','Cold'),
(82,9,'What is a synonym for \'happy\'?','Joyful'),
(83,9,'What is an antonym for \'big\'?','Small'),
(84,9,'What is a synonym for \'quick\'?','Fast'),
(85,9,'What is an antonym for \'up\'?','Down'),
(86,9,'What is a synonym for \'beautiful\'?','Gorgeous'),
(87,9,'What is an antonym for \'light\'?','Heavy'),
(88,9,'What is a synonym for \'sad\'?','Depressed'),
(89,9,'What is an antonym for \'start\'?','End'),
(90,9,'What is a synonym for \'angry\'?','Furious'),
(91,10,'What do we use to write?','Pencil'),
(92,10,'What is a collection of sentences?','Paragraph'),
(93,10,'What punctuation mark ends a sentence?','Period'),
(94,10,'What is the name for a story with a beginning, middle, and end?','Narrative'),
(95,10,'What is a word that describes a noun?','Adjective'),
(96,10,'What is a word that shows action?','Verb'),
(97,10,'What is a word that modifies a verb?','Adverb'),
(98,10,'What is a group of words that contains a subject and a verb?','Clause'),
(99,10,'What is the process of correcting errors in writing?','Editing'),
(100,10,'What is a short story with a moral lesson?','Fable'),
(101,11,'Which is a vowel?','A'),
(102,11,'Which letter comes after \'G\'?','H'),
(103,11,'Which letter is the first letter of the alphabet?','A'),
(104,11,'Which letter is a consonant?','B'),
(105,11,'Which letter is often used to represent a sound?','X'),
(106,11,'Which letter is found in the word \'cat\'?','C'),
(107,11,'Which letter is a vowel?','E'),
(108,11,'Which letter comes before \'M\'?','L'),
(109,11,'Which letter is the last letter of the alphabet?','Z'),
(110,11,'Which letter is a consonant?','T'),
(111,12,'What comes after 4?','5'),
(112,12,'What is 2 + 2?','4'),
(113,12,'What is 10 - 5?','5'),
(114,12,'What is half of 10?','5'),
(115,12,'What is 3 x 3?','9'),
(116,12,'What is 12 / 4?','3'),
(117,12,'What is the next even number after 8?','10'),
(118,12,'What is 5 less than 15?','10'),
(119,12,'What is 10 more than 20?','30'),
(120,12,'What is the square root of 16?','4'),
(121,13,'When did the Philippines become free from Spain?','June 12, 1898'),
(122,13,'What group did Andres Bonifacio start to fight for freedom?','Katipunan'),
(123,13,'Where was the peace deal called the Pact of Biak-na-Bato signed?','Bulacan'),
(124,13,'When did the Spanish come to the Philippines?','1521'),
(125,13,'What government did Emilio Aguinaldo lead?','Revolutionary Government'),
(126,13,'Who was the first Filipino to become governor-general?','Rafael Palma'),
(127,13,'What country did the Philippines fight in the Philippine-American War?','America'),
(128,13,'Which country controlled the Philippines in World War II?','Japan'),
(129,13,'What secret group wanted to free the Philippines from Spain?','Katipunan'),
(130,13,'Where did Ferdinand Magellan arrive in 1521?','Cebu'),
(131,14,'Who wrote the book Noli Me Tangere?','Jose Rizal'),
(132,14,'Who was called the \'Brains of the Revolution\'?','Apolinario Mabini'),
(133,14,'Who led the Katipunan group?','Andres Bonifacio'),
(134,14,'Who was the youngest Filipino general?','Gregorio del Pilar'),
(135,14,'Who became the first president of the Philippines?','Emilio Aguinaldo'),
(136,14,'Who is the national hero of the Philippines?','Jose Rizal'),
(137,14,'Who fought against Magellan in Mactan?','Lapu-Lapu'),
(138,14,'Who was the wife of Diego Silang and became a hero too?','Gabriela Silang'),
(139,14,'Who helped take care of wounded Filipino soldiers?','Melchora Aquino'),
(140,14,'Who helped make the Philippine flag?','Marcela Agoncillo'),
(141,15,'Who was the first President of the Philippines?','Emilio Aguinaldo'),
(142,15,'Who was the first President of the Commonwealth?','Manuel Quezon'),
(143,15,'Who was the President during Martial Law?','Ferdinand Marcos'),
(144,15,'Who was the first female President of the Philippines?','Cory Aquino'),
(145,15,'Who became President after Marcos left?','Corazon Aquino'),
(146,15,'Who was the President before Bongbong Marcos?','Rodrigo Duterte'),
(147,15,'Who was the President during the EDSA People Power in 1986?','Ferdinand Marcos'),
(148,15,'Who is known as the \'Champion of the Common Man\'?','Ramon Magsaysay'),
(149,15,'Who made Filipino the national language?','Manuel Quezon'),
(150,15,'Who is the current President of the Philippines (2025)?','Bongbong Marcos'),
(151,16,'What is a pangngalan?','A name of a person, place, or thing'),
(152,16,'Which one is a pandiwa (verb)?','Takbo'),
(153,16,'Which one is a pang-uri (adjective)?','Maganda'),
(154,16,'What is the plural of \'bata\' in Filipino?','Mga bata'),
(155,16,'Which sentence is correct?','Ako ay masaya.'),
(156,16,'Which one is a panghalip (pronoun)?','Ako'),
(157,16,'What is the opposite of \"malaki\"?','Maliit'),
(158,16,'Which word is spelled correctly?','Maganda'),
(159,16,'What punctuation mark ends a question?','?'),
(160,16,'Which one is a complete sentence?','Tumakbo ang aso.');

UNLOCK TABLES;

/*Table structure for table `tblrockpaperscissorsgame` */

CREATE TABLE `tblrockpaperscissorsgame` (
  `game_id` int(11) NOT NULL AUTO_INCREMENT,
  `user_id` int(11) NOT NULL,
  `total_rounds` int(11) NOT NULL,
  `wins` int(11) DEFAULT 0,
  `losses` int(11) DEFAULT 0,
  `draws` int(11) DEFAULT 0,
  `score` int(11) DEFAULT 0,
  `started_at` timestamp NOT NULL DEFAULT current_timestamp(),
  `finished_at` timestamp NULL DEFAULT NULL,
  `duration_seconds` int(11) DEFAULT NULL,
  PRIMARY KEY (`game_id`),
  KEY `idx_user_id` (`user_id`),
  CONSTRAINT `tblrockpaperscissorsgame_ibfk_1` FOREIGN KEY (`user_id`) REFERENCES `tblusers` (`user_id`)
) ENGINE=InnoDB DEFAULT CHARSET=utf8mb4 COLLATE=utf8mb4_general_ci;

/*Data for the table `tblrockpaperscissorsgame` */

LOCK TABLES `tblrockpaperscissorsgame` WRITE;

UNLOCK TABLES;

/*Table structure for table `tblscores` */

CREATE TABLE `tblscores` (
  `score_id` int(11) NOT NULL AUTO_INCREMENT,
  `user_id` int(11) NOT NULL,
  `quiz_name` varchar(100) DEFAULT NULL,
  `score` int(11) DEFAULT NULL,
  `completed_at` timestamp NOT NULL DEFAULT current_timestamp(),
  PRIMARY KEY (`score_id`),
  KEY `user_id` (`user_id`),
  CONSTRAINT `tblscores_ibfk_1` FOREIGN KEY (`user_id`) REFERENCES `tblusers` (`user_id`)
) ENGINE=InnoDB DEFAULT CHARSET=utf8mb4 COLLATE=utf8mb4_general_ci;

/*Data for the table `tblscores` */

LOCK TABLES `tblscores` WRITE;

UNLOCK TABLES;

/*Table structure for table `tblsubjects` */

CREATE TABLE `tblsubjects` (
  `subject_id` int(11) NOT NULL AUTO_INCREMENT,
  `NAME` varchar(255) NOT NULL,
  PRIMARY KEY (`subject_id`)
) ENGINE=InnoDB AUTO_INCREMENT=5 DEFAULT CHARSET=utf8mb4 COLLATE=utf8mb4_general_ci;

/*Data for the table `tblsubjects` */

LOCK TABLES `tblsubjects` WRITE;

insert  into `tblsubjects`(`subject_id`,`NAME`) values 
(1,'Math'),
(2,'Science'),
(3,'Vocabulary'),
(4,'Filipino');

UNLOCK TABLES;

/*Table structure for table `tbltictactoegame` */

CREATE TABLE `tbltictactoegame` (
  `game_id` int(11) NOT NULL AUTO_INCREMENT,
  `user_id` int(11) NOT NULL,
  `game_result` enum('win','lose','draw') NOT NULL,
  `started_at` timestamp NOT NULL DEFAULT current_timestamp(),
  `finished_at` timestamp NULL DEFAULT NULL,
  `duration_seconds` int(11) DEFAULT NULL,
  PRIMARY KEY (`game_id`),
  KEY `idx_user_id` (`user_id`),
  CONSTRAINT `tbltictactoegame_ibfk_1` FOREIGN KEY (`user_id`) REFERENCES `tblusers` (`user_id`)
) ENGINE=InnoDB DEFAULT CHARSET=utf8mb4 COLLATE=utf8mb4_general_ci;

/*Data for the table `tbltictactoegame` */

LOCK TABLES `tbltictactoegame` WRITE;

UNLOCK TABLES;

/*Table structure for table `tblusers` */

CREATE TABLE `tblusers` (
  `user_id` int(11) NOT NULL AUTO_INCREMENT,
  `username` varchar(50) NOT NULL,
  `email` varchar(100) NOT NULL,
  `password_hash` varchar(255) NOT NULL,
  `created_at` timestamp NOT NULL DEFAULT current_timestamp(),
  PRIMARY KEY (`user_id`),
  UNIQUE KEY `username` (`username`),
  UNIQUE KEY `email` (`email`)
) ENGINE=InnoDB DEFAULT CHARSET=utf8mb4 COLLATE=utf8mb4_general_ci;

/*Data for the table `tblusers` */

LOCK TABLES `tblusers` WRITE;

UNLOCK TABLES;

/*!40101 SET SQL_MODE=@OLD_SQL_MODE */;
/*!40014 SET FOREIGN_KEY_CHECKS=@OLD_FOREIGN_KEY_CHECKS */;
/*!40014 SET UNIQUE_CHECKS=@OLD_UNIQUE_CHECKS */;
/*!40111 SET SQL_NOTES=@OLD_SQL_NOTES */;
